pais,cantidad_ventas,total_vendido
Estados Unidos,2329,1.781027598E7
El Salvador,2260,1.651071849E7
Honduras,2283,1.625515774E7
Guatemala,2291,1.575929416E7
Mexico,2337,1.558616518E7
